﻿pos_x,pos_y,rotation,side,designator,mpn,pack,value,mount_type,place
-75.0,45.0,180.0,top,D1,,LED_PLCC-2_3.4x3.0mm_KA,LED,smt,True
-45.0,15.0,180.0,top,D10,,LED_PLCC-2_3.4x3.0mm_KA,LED,smt,True
-15.0,15.0,180.0,top,D11,,LED_PLCC-2_3.4x3.0mm_KA,LED,smt,True
-74.9,10.5,180.0,top,D13,,LED_Cree-XP,LED,smt,True
-44.9,10.5,180.0,top,D14,,LED_Cree-XP,LED,smt,True
-14.9,10.5,180.0,top,D15,,LED_Cree-XP,LED,smt,True
-45.0,45.0,180.0,top,D2,,LED_PLCC-2_3.4x3.0mm_KA,LED,smt,True
-15.0,45.0,180.0,top,D3,,LED_PLCC-2_3.4x3.0mm_KA,LED,smt,True
-74.9,40.5,180.0,top,D5,,LED_Cree-XP,LED,smt,True
-44.9,40.5,180.0,top,D6,,LED_Cree-XP,LED,smt,True
-15.0,40.5,180.0,top,D7,,LED_Cree-XP,LED,smt,True
-75.0,15.0,180.0,top,D9,,LED_PLCC-2_3.4x3.0mm_KA,LED,smt,True
-83.1,46.3,0.0,top,J1,,PinSocket_1x02_P2.54mm_Horizontal,Green bank 1,tht,True
-83.1,38.8,0.0,top,J2,,PinSocket_1x02_P2.54mm_Horizontal,UV bank 1,tht,True
-84.0,16.54,0.0,top,J3,,PinSocket_1x02_P2.54mm_Horizontal,Green bank 2,tht,True
-84.1,8.3,0.0,top,J4,,PinSocket_1x02_P2.54mm_Horizontal,UV bank 2,tht,True
